{"NUPES": {"05_26_2022": 0, "05_20_2022": 0, "05_16_2022": 0, "05_14_2022": 0, "05_17_2022": 0, "05_18_2022": 0, "05_13_2022": 0, "05_12_2022": 0, "05_27_2022": 0, "05_15_2022": 0, "05_11_2022": 0}, "LREM": {"05_26_2022": 0, "05_20_2022": 14.9, "05_16_2022": 36.79, "05_14_2022": 41.3, "05_17_2022": 40.119, "05_18_2022": 0, "05_13_2022": 116.03099999999999, "05_12_2022": 156.976, "05_27_2022": 4.141, "05_15_2022": 71.18, "05_11_2022": 35.229}, "RN": {"05_26_2022": 0, "05_20_2022": 0, "05_16_2022": 0, "05_14_2022": 10.86, "05_17_2022": 4.53, "05_18_2022": 0, "05_13_2022": 34.021, "05_12_2022": 78.199, "05_27_2022": 4.62, "05_15_2022": 0, "05_11_2022": 10.350999999999999}, "UDC": {"05_26_2022": 4.47, "05_20_2022": 15.07, "05_16_2022": 29.34, "05_14_2022": 79.53999999999999, "05_17_2022": 35.84, "05_18_2022": 0, "05_13_2022": 32.069, "05_12_2022": 157.66800000000003, "05_27_2022": 17.82, "05_15_2022": 0, "05_11_2022": 35.629}, "REC": {"05_26_2022": 0, "05_20_2022": 3.42, "05_16_2022": 16.168, "05_14_2022": 10.57, "05_17_2022": 27.849, "05_18_2022": 7.4, "05_13_2022": 4.44, "05_12_2022": 25.291, "05_27_2022": 14.01, "05_15_2022": 0, "05_11_2022": 7.220000000000001}}