{"NUPES": {"05_28_2022": 802.6599999999988, "05_02_2022": 0, "05_23_2022": 46.599999999999994, "05_24_2022": 46.599999999999994, "05_18_2022": 0, "05_21_2022": 326.20000000000005, "05_12_2022": 3.3, "05_03_2022": 0, "05_13_2022": 57.15, "05_15_2022": 118.85000000000001, "05_26_2022": 12.24, "05_30_2022": 117.58000000000001, "05_17_2022": 0, "05_04_2022": 0, "05_01_2022": 0, "05_07_2022": 189.76000000000005, "05_06_2022": 34.3, "05_29_2022": 360.41999999999996, "05_20_2022": 279.6000000000001, "05_14_2022": 152.40000000000003, "05_19_2022": 0, "05_25_2022": 4.08, "05_09_2022": 0, "05_16_2022": 4.72, "05_08_2022": 75.94, "05_22_2022": 0, "05_27_2022": 453.47999999999996, "05_05_2022": 0, "05_11_2022": 0}, "LREM": {"05_28_2022": 1301.1779999999999, "05_02_2022": 145.598, "05_23_2022": 2000.1739999999982, "05_24_2022": 1248.5989999999997, "05_18_2022": 325.2939999999998, "05_21_2022": 1182.7789999999998, "05_12_2022": 1252.9570000000006, "05_03_2022": 187.37799999999996, "05_13_2022": 1117.8720000000012, "05_15_2022": 504.764, "05_26_2022": 496.2579999999999, "05_30_2022": 619.06, "05_17_2022": 247.37200000000004, "05_04_2022": 223.89899999999994, "05_01_2022": 169.89500000000004, "05_07_2022": 596.08, "05_06_2022": 174.727, "05_29_2022": 961.7039999999994, "05_20_2022": 1239.9490000000003, "05_14_2022": 736.6639999999996, "05_19_2022": 497.2969999999999, "05_25_2022": 750.3709999999998, "05_09_2022": 350.98699999999997, "05_16_2022": 349.7019999999998, "05_08_2022": 431.0329999999999, "05_22_2022": 1056.0040000000004, "05_27_2022": 1033.4449999999986, "05_05_2022": 147.01299999999998, "05_11_2022": 1765.9220000000014}, "RN": {"05_28_2022": 621.2120000000002, "05_02_2022": 440.4270000000001, "05_23_2022": 365.28200000000015, "05_24_2022": 373.0190000000002, "05_18_2022": 379.43600000000004, "05_21_2022": 606.5069999999998, "05_12_2022": 1038.3690000000006, "05_03_2022": 546.0239999999997, "05_13_2022": 861.7940000000001, "05_15_2022": 345.4410000000001, "05_26_2022": 340.762, "05_30_2022": 462.2380000000002, "05_17_2022": 323.6350000000001, "05_04_2022": 833.6500000000001, "05_01_2022": 573.4359999999996, "05_07_2022": 150.08300000000003, "05_06_2022": 257.23900000000003, "05_29_2022": 431.02, "05_20_2022": 516.155, "05_14_2022": 754.0530000000002, "05_19_2022": 261.727, "05_25_2022": 253.9010000000001, "05_09_2022": 267.76299999999986, "05_16_2022": 411.8659999999998, "05_08_2022": 313.13700000000006, "05_22_2022": 433.30799999999994, "05_27_2022": 277.695, "05_05_2022": 483.5230000000003, "05_11_2022": 607.6599999999999}, "UDC": {"05_28_2022": 1469.5809999999985, "05_02_2022": 596.5560000000002, "05_23_2022": 1799.9929999999968, "05_24_2022": 1304.6749999999997, "05_18_2022": 294.27000000000015, "05_21_2022": 3549.9639999999977, "05_12_2022": 917.1089999999998, "05_03_2022": 1182.5000000000002, "05_13_2022": 993.6279999999998, "05_15_2022": 481.00399999999985, "05_26_2022": 1415.7779999999989, "05_30_2022": 671.7510000000005, "05_17_2022": 327.44599999999986, "05_04_2022": 798.6330000000005, "05_01_2022": 575.759, "05_07_2022": 366.693, "05_06_2022": 336.8489999999999, "05_29_2022": 1144.609, "05_20_2022": 2128.553000000001, "05_14_2022": 819.0290000000005, "05_19_2022": 740.0390000000007, "05_25_2022": 1921.9930000000033, "05_09_2022": 497.6029999999998, "05_16_2022": 341.65700000000004, "05_08_2022": 666.318, "05_22_2022": 1847.9209999999987, "05_27_2022": 1382.5569999999973, "05_05_2022": 459.52500000000015, "05_11_2022": 1518.3329999999996}, "REC": {"05_28_2022": 591.3239999999998, "05_02_2022": 337.38499999999993, "05_23_2022": 676.6450000000002, "05_24_2022": 133.47199999999995, "05_18_2022": 187.68200000000002, "05_21_2022": 1151.6870000000004, "05_12_2022": 440.028, "05_03_2022": 597.1849999999998, "05_13_2022": 559.2239999999998, "05_15_2022": 244.93099999999998, "05_26_2022": 432.1019999999998, "05_30_2022": 566.1139999999997, "05_17_2022": 100.77500000000002, "05_04_2022": 1101.079, "05_01_2022": 485.5860000000003, "05_07_2022": 159.02599999999998, "05_06_2022": 481.97299999999984, "05_29_2022": 393.901, "05_20_2022": 695.2129999999995, "05_14_2022": 811.7319999999997, "05_19_2022": 102.77199999999999, "05_25_2022": 222.7919999999999, "05_09_2022": 64.22300000000001, "05_16_2022": 105.94599999999997, "05_08_2022": 155.69900000000004, "05_22_2022": 794.7370000000001, "05_27_2022": 267.231, "05_05_2022": 833.6189999999999, "05_11_2022": 209.36400000000006}}