{"LREM": {"05_17_2022": 3869.1659999999947, "05_15_2022": 3698.819000000001, "05_13_2022": 8017.211, "05_29_2022": 7839.294, "05_25_2022": 10945.373999999965, "05_30_2022": 4875.433999999999, "05_20_2022": 9455.025999999998, "05_06_2022": 2544.507999999999, "05_27_2022": 6941.994000000013, "05_11_2022": 15648.397999999936, "05_03_2022": 4748.836000000005, "05_09_2022": 4367.368000000001, "05_23_2022": 16847.540999999957, "05_26_2022": 6999.2769999999955, "05_21_2022": 11920.597000000002, "05_08_2022": 6424.534000000015, "05_16_2022": 4363.335000000002, "05_18_2022": 6785.9990000000125, "05_12_2022": 15273.844999999968, "05_19_2022": 5841.471999999996, "05_24_2022": 12598.93299999993, "05_22_2022": 11785.784999999996, "05_05_2022": 2546.172999999999, "05_14_2022": 7601.916999999999, "05_04_2022": 3578.853000000003, "05_01_2022": 2881.7329999999956, "05_28_2022": 7567.006999999997, "05_07_2022": 4760.435000000008, "05_02_2022": 4238.201000000007}, "NUPES": {"05_17_2022": 1998.0030000000013, "05_15_2022": 1562.891999999999, "05_13_2022": 3203.1050000000023, "05_29_2022": 2166.437999999995, "05_25_2022": 1863.0590000000027, "05_30_2022": 802.6189999999995, "05_20_2022": 4014.5700000000015, "05_06_2022": 4638.225999999994, "05_27_2022": 2289.533999999999, "05_11_2022": 3938.5040000000045, "05_03_2022": 5701.485999999998, "05_09_2022": 1854.586000000001, "05_23_2022": 3114.128000000004, "05_26_2022": 1298.9829999999995, "05_21_2022": 3659.0460000000016, "05_08_2022": 4278.523999999999, "05_16_2022": 1773.0510000000015, "05_18_2022": 1532.6850000000004, "05_12_2022": 3141.209999999999, "05_19_2022": 2956.306000000002, "05_24_2022": 1488.5380000000014, "05_22_2022": 2181.007999999999, "05_05_2022": 5083.362999999997, "05_14_2022": 2666.4689999999987, "05_04_2022": 5653.9719999999925, "05_01_2022": 5676.561000000003, "05_28_2022": 3284.168000000006, "05_07_2022": 8104.831999999986, "05_02_2022": 4750.113000000001}, "UDC": {"05_17_2022": 345.39599999999984, "05_15_2022": 532.4880000000002, "05_13_2022": 1052.8149999999998, "05_29_2022": 1345.9759999999994, "05_25_2022": 1979.4700000000034, "05_30_2022": 810.3760000000007, "05_20_2022": 2172.505000000001, "05_06_2022": 349.3289999999999, "05_27_2022": 1676.9209999999953, "05_11_2022": 1551.8129999999999, "05_03_2022": 1196.4220000000005, "05_09_2022": 546.1269999999998, "05_23_2022": 1825.313999999997, "05_26_2022": 1517.9419999999989, "05_21_2022": 3627.8169999999964, "05_08_2022": 674.718, "05_16_2022": 341.65700000000004, "05_18_2022": 312.6210000000001, "05_12_2022": 924.3079999999998, "05_19_2022": 775.2300000000008, "05_24_2022": 1319.1269999999997, "05_22_2022": 1880.7499999999986, "05_05_2022": 468.8870000000001, "05_14_2022": 895.8710000000003, "05_04_2022": 855.6830000000006, "05_01_2022": 619.1550000000001, "05_28_2022": 1853.8949999999966, "05_07_2022": 377.21299999999997, "05_02_2022": 635.6030000000001}, "REC": {"05_17_2022": 100.77500000000002, "05_15_2022": 244.93099999999998, "05_13_2022": 559.2239999999998, "05_29_2022": 393.901, "05_25_2022": 222.7919999999999, "05_30_2022": 566.1139999999997, "05_20_2022": 695.2129999999995, "05_06_2022": 481.97299999999984, "05_27_2022": 267.231, "05_11_2022": 209.36400000000006, "05_03_2022": 597.1849999999998, "05_09_2022": 64.22300000000001, "05_23_2022": 676.6450000000002, "05_26_2022": 432.1019999999998, "05_21_2022": 1151.6870000000004, "05_08_2022": 155.69900000000004, "05_16_2022": 105.94599999999997, "05_18_2022": 187.68200000000002, "05_12_2022": 440.028, "05_19_2022": 102.77199999999999, "05_24_2022": 133.47199999999995, "05_22_2022": 794.7370000000001, "05_05_2022": 833.6189999999999, "05_14_2022": 811.7319999999997, "05_04_2022": 1101.079, "05_01_2022": 485.5860000000003, "05_28_2022": 591.3239999999998, "05_07_2022": 159.02599999999998, "05_02_2022": 337.38499999999993}, "RN": {"05_17_2022": 323.6350000000001, "05_15_2022": 345.4410000000001, "05_13_2022": 861.7940000000001, "05_29_2022": 431.02, "05_25_2022": 253.9010000000001, "05_30_2022": 462.2380000000002, "05_20_2022": 516.155, "05_06_2022": 257.23900000000003, "05_27_2022": 277.695, "05_11_2022": 607.6599999999999, "05_03_2022": 546.0239999999997, "05_09_2022": 267.76299999999986, "05_23_2022": 365.28200000000015, "05_26_2022": 340.762, "05_21_2022": 606.5069999999998, "05_08_2022": 313.13700000000006, "05_16_2022": 411.8659999999998, "05_18_2022": 379.43600000000004, "05_12_2022": 1038.3690000000006, "05_19_2022": 261.727, "05_24_2022": 373.0190000000002, "05_22_2022": 433.30799999999994, "05_05_2022": 483.5230000000003, "05_14_2022": 754.0530000000002, "05_04_2022": 833.6500000000001, "05_01_2022": 573.4359999999996, "05_28_2022": 621.2120000000002, "05_07_2022": 150.08300000000003, "05_02_2022": 440.4270000000001}}