{"LREM": {"05_14_2022": 1018.2350000000002, "05_16_2022": 1201.6449999999995, "05_27_2022": 1055.6370000000002, "05_18_2022": 149.44400000000002, "05_11_2022": 1137.707, "05_17_2022": 913.0489999999998, "05_13_2022": 1173.4709999999989, "05_15_2022": 1317.9589999999985, "05_26_2022": 254.83900000000003, "05_20_2022": 516.766, "05_12_2022": 1984.8880000000001}, "NUPES": {"05_14_2022": 202.50499999999997, "05_16_2022": 163.48, "05_27_2022": 92.907, "05_18_2022": 80.46000000000001, "05_11_2022": 195.41, "05_17_2022": 237.11000000000004, "05_13_2022": 210.994, "05_15_2022": 269.48799999999994, "05_26_2022": 67.14699999999999, "05_20_2022": 140.079, "05_12_2022": 403.4030000000001}, "UDC": {"05_14_2022": 79.53999999999999, "05_16_2022": 29.34, "05_27_2022": 22.56, "05_18_2022": 0, "05_11_2022": 45.499, "05_17_2022": 35.84, "05_13_2022": 36.389, "05_15_2022": 5.94, "05_26_2022": 4.47, "05_20_2022": 15.07, "05_12_2022": 166.33800000000005}, "REC": {"05_14_2022": 10.57, "05_16_2022": 16.168, "05_27_2022": 14.01, "05_18_2022": 7.4, "05_11_2022": 7.220000000000001, "05_17_2022": 27.849, "05_13_2022": 4.44, "05_15_2022": 0, "05_26_2022": 0, "05_20_2022": 3.42, "05_12_2022": 25.291}, "RN": {"05_14_2022": 10.86, "05_16_2022": 0, "05_27_2022": 4.62, "05_18_2022": 0, "05_11_2022": 10.350999999999999, "05_17_2022": 4.53, "05_13_2022": 34.021, "05_15_2022": 0, "05_26_2022": 0, "05_20_2022": 0, "05_12_2022": 78.199}}