{"P\u00e9cresse": 110.269, "Macron": 3014.3090000000007, "Hidalgo": 83.25199999999998, "M\u00e9lenchon": 5040.640999999998, "Jadot": 130.888, "Zemmour": 1605.2129999999997, "Roussel": 22.77, "Lassalle": 47.528999999999996, "Arthaud": 0.0, "Dupont-Aignan": 194.69500000000005, "Le Pen": 1494.9520000000002, "Poutou": 14.25}