{"P\u00e9cresse": 65.682, "Macron": 1428.0780000000002, "Hidalgo": 118.207, "M\u00e9lenchon": 3465.7519999999995, "Jadot": 109.174, "Zemmour": 590.248, "Roussel": 34.836, "Lassalle": 8.16, "Arthaud": 65.704, "Dupont-Aignan": 0.0, "Le Pen": 582.3910000000001, "Poutou": 24.9}