{"P\u00e9cresse": 574.403, "Macron": 2843.5229999999997, "Hidalgo": 103.872, "M\u00e9lenchon": 6200.411999999999, "Jadot": 166.99399999999997, "Zemmour": 2459.1269999999986, "Roussel": 15.64, "Lassalle": 47.859, "Arthaud": 0.0, "Dupont-Aignan": 35.547, "Le Pen": 1493.9070000000002, "Poutou": 42.619}