{"P\u00e9cresse": 0.0, "Macron": 494.84599999999995, "Hidalgo": 0.0, "M\u00e9lenchon": 16.29, "Jadot": 0.0, "Zemmour": 20.372, "Roussel": 3.359, "Lassalle": 3.78, "Arthaud": 0.0, "Dupont-Aignan": 10.021, "Le Pen": 75.18999999999998, "Poutou": 4.201}