{"P\u00e9cresse": 96.85900000000001, "Macron": 1187.4990000000003, "Hidalgo": 164.344, "M\u00e9lenchon": 6529.717999999999, "Jadot": 171.33999999999997, "Zemmour": 1349.1689999999999, "Roussel": 45.173, "Lassalle": 0.0, "Arthaud": 77.50399999999999, "Dupont-Aignan": 0.0, "Le Pen": 734.5450000000001, "Poutou": 40.5}