{"P\u00e9cresse": 1559.0110000000002, "Macron": 2781.7070000000003, "Hidalgo": 84.239, "M\u00e9lenchon": 1808.1619999999991, "Jadot": 102.822, "Zemmour": 2225.8689999999997, "Roussel": 30.990000000000002, "Lassalle": 14.55, "Arthaud": 4.081, "Dupont-Aignan": 28.494, "Le Pen": 805.7200000000001, "Poutou": 18.919}