{"P\u00e9cresse": 1082.547, "Macron": 2747.833, "Hidalgo": 134.599, "M\u00e9lenchon": 4310.6669999999995, "Jadot": 197.318, "Zemmour": 2812.5999999999995, "Roussel": 40.980999999999995, "Lassalle": 0.0, "Arthaud": 7.839, "Dupont-Aignan": 11.877, "Le Pen": 1133.764, "Poutou": 45.938}