{"P\u00e9cresse": 4.11, "Macron": 1452.6990000000008, "Hidalgo": 17.351, "M\u00e9lenchon": 262.61, "Jadot": 2.73, "Zemmour": 135.82, "Roussel": 0.0, "Lassalle": 0.0, "Arthaud": 7.609999999999999, "Dupont-Aignan": 9.498999999999999, "Le Pen": 112.477, "Poutou": 0.0}