{"P\u00e9cresse": 17.271, "Macron": 222.17200000000003, "Hidalgo": 0.0, "M\u00e9lenchon": 77.051, "Jadot": 0.0, "Zemmour": 39.061, "Roussel": 0.0, "Lassalle": 0.0, "Arthaud": 0.0, "Dupont-Aignan": 0.0, "Le Pen": 38.629999999999995, "Poutou": 0.0}