{"P\u00e9cresse": 345.28999999999996, "Macron": 2270.698, "Hidalgo": 98.418, "M\u00e9lenchon": 3092.550999999999, "Jadot": 108.996, "Zemmour": 1403.172, "Roussel": 23.499000000000002, "Lassalle": 7.34, "Arthaud": 0.0, "Dupont-Aignan": 27.335, "Le Pen": 846.8140000000001, "Poutou": 3.09}