{"P\u00e9cresse": 9.301, "Macron": 1048.07, "Hidalgo": 16.011, "M\u00e9lenchon": 977.8520000000001, "Jadot": 5.46, "Zemmour": 63.571, "Roussel": 18.776, "Lassalle": 0.0, "Arthaud": 2.97, "Dupont-Aignan": 0.0, "Le Pen": 357.78900000000004, "Poutou": 3.15}