{"P\u00e9cresse": 592.1320000000001, "Macron": 2364.0789999999993, "Hidalgo": 79.22, "M\u00e9lenchon": 2485.324999999999, "Jadot": 114.148, "Zemmour": 1911.7269999999994, "Roussel": 27.060000000000002, "Lassalle": 8.68, "Arthaud": 0.0, "Dupont-Aignan": 15.647, "Le Pen": 513.1030000000001, "Poutou": 37.59}