{"P\u00e9cresse": 648.4440000000001, "Macron": 3079.813, "Hidalgo": 83.25200000000001, "M\u00e9lenchon": 1498.591, "Jadot": 106.52900000000001, "Zemmour": 2441.176, "Roussel": 41.499, "Lassalle": 0.0, "Arthaud": 0.0, "Dupont-Aignan": 23.855999999999998, "Le Pen": 562.7810000000001, "Poutou": 27.990000000000002}