{"P\u00e9cresse": 4.11, "Macron": 807.1639999999998, "Hidalgo": 9.496, "M\u00e9lenchon": 777.501, "Jadot": 19.959, "Zemmour": 136.87099999999998, "Roussel": 11.508, "Lassalle": 0.0, "Arthaud": 7.109999999999999, "Dupont-Aignan": 0.0, "Le Pen": 335.23800000000006, "Poutou": 0.0}