{"P\u00e9cresse": 825.8990000000002, "Macron": 1717.7369999999999, "Hidalgo": 103.36899999999999, "M\u00e9lenchon": 1463.5809999999997, "Jadot": 89.50899999999999, "Zemmour": 1576.1560000000002, "Roussel": 29.906999999999996, "Lassalle": 8.84, "Arthaud": 3.63, "Dupont-Aignan": 3.959, "Le Pen": 633.755, "Poutou": 3.09}