{"P\u00e9cresse": 66.579, "Macron": 2063.374, "Hidalgo": 12.850000000000001, "M\u00e9lenchon": 869.0710000000003, "Jadot": 20.14, "Zemmour": 408.28599999999994, "Roussel": 11.041, "Lassalle": 0.0, "Arthaud": 20.587999999999997, "Dupont-Aignan": 53.81999999999999, "Le Pen": 1043.9389999999999, "Poutou": 35.98}