{"P\u00e9cresse": 117.84100000000001, "Macron": 1023.983, "Hidalgo": 38.67999999999999, "M\u00e9lenchon": 195.247, "Jadot": 33.3, "Zemmour": 515.672, "Roussel": 27.751, "Lassalle": 3.9, "Arthaud": 34.11, "Dupont-Aignan": 20.939999999999998, "Le Pen": 428.138, "Poutou": 27.28000000000001}