{"P\u00e9cresse": 702.711, "Macron": 2508.3370000000014, "Hidalgo": 87.191, "M\u00e9lenchon": 1173.3369999999998, "Jadot": 80.43, "Zemmour": 2062.793, "Roussel": 48.868, "Lassalle": 0.0, "Arthaud": 7.52, "Dupont-Aignan": 28.157, "Le Pen": 1075.1950000000002, "Poutou": 52.2}