{"P\u00e9cresse": 60.279999999999994, "Macron": 448.841, "Hidalgo": 38.729, "M\u00e9lenchon": 100.159, "Jadot": 42.859, "Zemmour": 227.9, "Roussel": 17.759, "Lassalle": 0.0, "Arthaud": 30.44, "Dupont-Aignan": 62.708, "Le Pen": 238.73000000000002, "Poutou": 41.851000000000006}