{"P\u00e9cresse": 527.604, "Macron": 1015.7209999999999, "Hidalgo": 20.621000000000002, "M\u00e9lenchon": 310.069, "Jadot": 14.02, "Zemmour": 687.2570000000003, "Roussel": 17.067999999999998, "Lassalle": 0.0, "Arthaud": 4.47, "Dupont-Aignan": 3.77, "Le Pen": 605.4830000000001, "Poutou": 0.0}