{"P\u00e9cresse": 39.57000000000001, "Macron": 946.642, "Hidalgo": 27.778999999999996, "M\u00e9lenchon": 2026.9520000000002, "Jadot": 43.111000000000004, "Zemmour": 705.2409999999998, "Roussel": 18.538, "Lassalle": 0.0, "Arthaud": 0.0, "Dupont-Aignan": 12.469000000000001, "Le Pen": 623.886, "Poutou": 32.400000000000006}