{"P\u00e9cresse": 30.900999999999996, "Macron": 496.29400000000004, "Hidalgo": 80.38000000000001, "M\u00e9lenchon": 1653.8690000000004, "Jadot": 72.95599999999999, "Zemmour": 229.06900000000002, "Roussel": 20.127, "Lassalle": 0.0, "Arthaud": 2.97, "Dupont-Aignan": 0.0, "Le Pen": 463.7460000000001, "Poutou": 0.0}