{"P\u00e9cresse": 894.72, "Macron": 1612.1100000000006, "Hidalgo": 104.37400000000001, "M\u00e9lenchon": 2745.2160000000003, "Jadot": 62.406, "Zemmour": 692.054, "Roussel": 26.156, "Lassalle": 0.0, "Arthaud": 5.94, "Dupont-Aignan": 5.550000000000001, "Le Pen": 1074.0200000000002, "Poutou": 0.0}