{"P\u00e9cresse": 82.15, "Macron": 530.453, "Hidalgo": 73.09799999999998, "M\u00e9lenchon": 560.2320000000001, "Jadot": 54.192, "Zemmour": 387.871, "Roussel": 10.2, "Lassalle": 0.0, "Arthaud": 0.0, "Dupont-Aignan": 4.68, "Le Pen": 62.979, "Poutou": 0.0}