{"P\u00e9cresse": 102.991, "Macron": 487.94199999999995, "Hidalgo": 35.091, "M\u00e9lenchon": 916.6160000000002, "Jadot": 57.679, "Zemmour": 113.41799999999999, "Roussel": 25.588, "Lassalle": 0.0, "Arthaud": 0.0, "Dupont-Aignan": 0.0, "Le Pen": 56.941, "Poutou": 4.41}