{"P\u00e9cresse": 426.18500000000006, "Macron": 824.0150000000001, "Hidalgo": 69.093, "M\u00e9lenchon": 1654.329000000001, "Jadot": 100.17500000000001, "Zemmour": 745.0089999999999, "Roussel": 23.566, "Lassalle": 0.0, "Arthaud": 0.0, "Dupont-Aignan": 0.0, "Le Pen": 268.272, "Poutou": 0.0}