{"P\u00e9cresse": 157.53399999999996, "Macron": 2814.520000000001, "Hidalgo": 37.489000000000004, "M\u00e9lenchon": 604.958, "Jadot": 22.011000000000003, "Zemmour": 1405.1880000000003, "Roussel": 7.02, "Lassalle": 0.0, "Arthaud": 0.0, "Dupont-Aignan": 17.13, "Le Pen": 201.32999999999998, "Poutou": 0.0}