{"P\u00e9cresse": 38.2, "Macron": 455.57399999999996, "Hidalgo": 2.51, "M\u00e9lenchon": 142.77499999999998, "Jadot": 0.0, "Zemmour": 116.56599999999999, "Roussel": 0.0, "Lassalle": 0.0, "Arthaud": 34.897999999999996, "Dupont-Aignan": 0.0, "Le Pen": 154.904, "Poutou": 29.608000000000004}