{"P\u00e9cresse": 556.9370000000001, "Macron": 1526.7309999999998, "Hidalgo": 168.398, "M\u00e9lenchon": 1147.999, "Jadot": 140.435, "Zemmour": 590.6449999999998, "Roussel": 59.461, "Lassalle": 24.476, "Arthaud": 0.0, "Dupont-Aignan": 36.58, "Le Pen": 338.45899999999995, "Poutou": 3.15}