{"P\u00e9cresse": 122.681, "Macron": 432.38, "Hidalgo": 2.51, "M\u00e9lenchon": 33.330000000000005, "Jadot": 0.0, "Zemmour": 140.11199999999997, "Roussel": 0.0, "Lassalle": 0.0, "Arthaud": 3.329, "Dupont-Aignan": 8.129, "Le Pen": 74.46699999999998, "Poutou": 4.41}