{"P\u00e9cresse": 694.324, "Macron": 2307.4690000000014, "Hidalgo": 125.089, "M\u00e9lenchon": 961.609, "Jadot": 31.102, "Zemmour": 2007.4589999999998, "Roussel": 37.461, "Lassalle": 0.0, "Arthaud": 0.0, "Dupont-Aignan": 7.41, "Le Pen": 600.0659999999999, "Poutou": 4.65}