{"P\u00e9cresse": 500.386, "Macron": 903.3170000000001, "Hidalgo": 80.89899999999999, "M\u00e9lenchon": 1283.5009999999997, "Jadot": 66.678, "Zemmour": 932.7609999999997, "Roussel": 33.78, "Lassalle": 157.74099999999999, "Arthaud": 18.479, "Dupont-Aignan": 7.26, "Le Pen": 552.7, "Poutou": 63.90100000000001}