{"P\u00e9cresse": 697.596, "Macron": 1108.523, "Hidalgo": 73.36000000000001, "M\u00e9lenchon": 1149.605, "Jadot": 138.873, "Zemmour": 825.9430000000001, "Roussel": 73.79599999999999, "Lassalle": 5.46, "Arthaud": 4.59, "Dupont-Aignan": 9.571, "Le Pen": 308.73499999999996, "Poutou": 0.0}