{"P\u00e9cresse": 292.15500000000003, "Macron": 697.5789999999998, "Hidalgo": 18.208000000000002, "M\u00e9lenchon": 492.889, "Jadot": 15.22, "Zemmour": 1223.8020000000001, "Roussel": 0.0, "Lassalle": 0.0, "Arthaud": 0.0, "Dupont-Aignan": 0.0, "Le Pen": 268.36299999999994, "Poutou": 4.96}