{"P\u00e9cresse": 121.101, "Macron": 796.2900000000001, "Hidalgo": 37.760000000000005, "M\u00e9lenchon": 2314.3530000000005, "Jadot": 82.376, "Zemmour": 293.31500000000005, "Roussel": 78.76499999999999, "Lassalle": 34.499, "Arthaud": 3.661, "Dupont-Aignan": 0.0, "Le Pen": 440.41999999999996, "Poutou": 0.0}