{"P\u00e9cresse": 1131.799, "Macron": 3342.1420000000003, "Hidalgo": 91.423, "M\u00e9lenchon": 2308.8220000000006, "Jadot": 23.37, "Zemmour": 3893.5919999999996, "Roussel": 3.991, "Lassalle": 0.0, "Arthaud": 0.0, "Dupont-Aignan": 11.458, "Le Pen": 1650.632, "Poutou": 0.0}