{"P\u00e9cresse": 19.741999999999997, "Macron": 513.7250000000001, "Hidalgo": 36.47, "M\u00e9lenchon": 76.703, "Jadot": 29.791, "Zemmour": 79.49699999999999, "Roussel": 37.441, "Lassalle": 13.38, "Arthaud": 0.0, "Dupont-Aignan": 14.912000000000003, "Le Pen": 123.483, "Poutou": 4.2}