{"P\u00e9cresse": 147.23200000000003, "Macron": 564.1310000000001, "Hidalgo": 38.800999999999995, "M\u00e9lenchon": 856.3859999999999, "Jadot": 88.809, "Zemmour": 613.7440000000001, "Roussel": 19.069, "Lassalle": 0.0, "Arthaud": 0.0, "Dupont-Aignan": 0.0, "Le Pen": 132.59300000000002, "Poutou": 4.41}