{"P\u00e9cresse": 53.849999999999994, "Macron": 350.37199999999996, "Hidalgo": 8.52, "M\u00e9lenchon": 76.664, "Jadot": 0.0, "Zemmour": 445.157, "Roussel": 15.600000000000001, "Lassalle": 0.0, "Arthaud": 0.0, "Dupont-Aignan": 7.92, "Le Pen": 179.26600000000002, "Poutou": 0.0}