{"P\u00e9cresse": 57.331999999999994, "Macron": 427.42199999999997, "Hidalgo": 28.929000000000002, "M\u00e9lenchon": 495.95899999999995, "Jadot": 24.872, "Zemmour": 96.15599999999999, "Roussel": 15.248999999999999, "Lassalle": 14.57, "Arthaud": 4.34, "Dupont-Aignan": 9.362, "Le Pen": 329.78100000000006, "Poutou": 4.349}