{"P\u00e9cresse": 31.310000000000002, "Macron": 441.1959999999999, "Hidalgo": 52.093, "M\u00e9lenchon": 1827.9299999999996, "Jadot": 50.058, "Zemmour": 1033.5910000000003, "Roussel": 25.098, "Lassalle": 0.0, "Arthaud": 11.79, "Dupont-Aignan": 3.77, "Le Pen": 128.641, "Poutou": 0.0}