{"P\u00e9cresse": 160.20600000000002, "Macron": 470.58, "Hidalgo": 7.2, "M\u00e9lenchon": 636.9179999999999, "Jadot": 38.07, "Zemmour": 523.3389999999999, "Roussel": 8.040000000000001, "Lassalle": 0.0, "Arthaud": 0.0, "Dupont-Aignan": 3.959, "Le Pen": 182.603, "Poutou": 0.0}