{"P\u00e9cresse": 307.632, "Macron": 1528.197, "Hidalgo": 151.303, "M\u00e9lenchon": 4900.182999999999, "Jadot": 177.412, "Zemmour": 1060.738, "Roussel": 50.223, "Lassalle": 6.42, "Arthaud": 23.67, "Dupont-Aignan": 0.0, "Le Pen": 957.8210000000001, "Poutou": 7.5600000000000005}