{"P\u00e9cresse": 19.53, "Macron": 718.9010000000001, "Hidalgo": 34.282, "M\u00e9lenchon": 1234.549, "Jadot": 57.937, "Zemmour": 130.329, "Roussel": 17.698999999999998, "Lassalle": 0.0, "Arthaud": 2.97, "Dupont-Aignan": 0.0, "Le Pen": 473.1390000000001, "Poutou": 45.321}