{"P\u00e9cresse": 55.221999999999994, "Macron": 768.8299999999999, "Hidalgo": 64.985, "M\u00e9lenchon": 2175.3869999999997, "Jadot": 58.056, "Zemmour": 358.74, "Roussel": 18.087, "Lassalle": 0.0, "Arthaud": 8.91, "Dupont-Aignan": 0.0, "Le Pen": 401.3810000000001, "Poutou": 0.0}