{"P\u00e9cresse": 142.612, "Macron": 937.2450000000001, "Hidalgo": 63.411, "M\u00e9lenchon": 459.356, "Jadot": 26.011, "Zemmour": 372.93700000000007, "Roussel": 80.11700000000002, "Lassalle": 24.86, "Arthaud": 18.061000000000003, "Dupont-Aignan": 4.681, "Le Pen": 153.812, "Poutou": 12.779}