{"P\u00e9cresse": 123.72799999999998, "Macron": 1203.7920000000004, "Hidalgo": 11.889, "M\u00e9lenchon": 60.083999999999996, "Jadot": 9.059000000000001, "Zemmour": 190.756, "Roussel": 6.81, "Lassalle": 0.0, "Arthaud": 0.0, "Dupont-Aignan": 0.0, "Le Pen": 97.72200000000001, "Poutou": 0.0}