{"P\u00e9cresse": 16.320999999999998, "Macron": 597.0169999999999, "Hidalgo": 27.829, "M\u00e9lenchon": 58.638999999999996, "Jadot": 6.37, "Zemmour": 68.46900000000001, "Roussel": 19.752, "Lassalle": 10.32, "Arthaud": 6.779, "Dupont-Aignan": 13.729, "Le Pen": 54.878, "Poutou": 0.0}