{"P\u00e9cresse": 161.199, "Macron": 498.3430000000001, "Hidalgo": 58.071000000000005, "M\u00e9lenchon": 1136.744, "Jadot": 52.038, "Zemmour": 1836.3270000000002, "Roussel": 37.95100000000001, "Lassalle": 0.0, "Arthaud": 8.74, "Dupont-Aignan": 0.0, "Le Pen": 478.71700000000004, "Poutou": 0.0}