{"P\u00e9cresse": 542.3260000000001, "Macron": 906.206, "Hidalgo": 106.767, "M\u00e9lenchon": 2880.803999999999, "Jadot": 99.51399999999998, "Zemmour": 971.922, "Roussel": 61.01599999999999, "Lassalle": 5.28, "Arthaud": 11.88, "Dupont-Aignan": 0.0, "Le Pen": 302.054, "Poutou": 4.56}