{"P\u00e9cresse": 209.55399999999997, "Macron": 463.7180000000001, "Hidalgo": 9.610000000000001, "M\u00e9lenchon": 72.239, "Jadot": 37.451, "Zemmour": 360.567, "Roussel": 7.68, "Lassalle": 0.0, "Arthaud": 13.11, "Dupont-Aignan": 5.621, "Le Pen": 224.781, "Poutou": 0.0}