{"P\u00e9cresse": 40.111, "Macron": 115.23100000000001, "Hidalgo": 33.289, "M\u00e9lenchon": 91.309, "Jadot": 18.659, "Zemmour": 83.797, "Roussel": 6.8100000000000005, "Lassalle": 26.551, "Arthaud": 18.157999999999998, "Dupont-Aignan": 0.0, "Le Pen": 92.58, "Poutou": 24.688999999999997}