{"P\u00e9cresse": 16.44, "Macron": 374.77099999999996, "Hidalgo": 67.244, "M\u00e9lenchon": 2149.160999999999, "Jadot": 35.327999999999996, "Zemmour": 271.537, "Roussel": 34.486, "Lassalle": 4.321, "Arthaud": 11.88, "Dupont-Aignan": 3.77, "Le Pen": 124.392, "Poutou": 6.24}