{"P\u00e9cresse": 29.509999999999998, "Macron": 621.5050000000001, "Hidalgo": 29.12, "M\u00e9lenchon": 67.768, "Jadot": 5.06, "Zemmour": 527.3629999999999, "Roussel": 0.0, "Lassalle": 0.0, "Arthaud": 0.0, "Dupont-Aignan": 0.0, "Le Pen": 263.7269999999999, "Poutou": 0.0}