{"P\u00e9cresse": 65.266, "Macron": 1044.25, "Hidalgo": 73.394, "M\u00e9lenchon": 1623.646, "Jadot": 78.236, "Zemmour": 420.04400000000004, "Roussel": 43.741, "Lassalle": 5.28, "Arthaud": 15.700000000000001, "Dupont-Aignan": 7.54, "Le Pen": 134.06099999999998, "Poutou": 21.569000000000003}