{"P\u00e9cresse": 455.43300000000005, "Macron": 1339.6179999999997, "Hidalgo": 59.31, "M\u00e9lenchon": 156.765, "Jadot": 32.902, "Zemmour": 1305.6059999999998, "Roussel": 3.72, "Lassalle": 80.524, "Arthaud": 0.0, "Dupont-Aignan": 3.72, "Le Pen": 482.135, "Poutou": 0.0}