{"P\u00e9cresse": 69.324, "Macron": 325.012, "Hidalgo": 71.77900000000001, "M\u00e9lenchon": 961.4559999999998, "Jadot": 40.839, "Zemmour": 338.79400000000004, "Roussel": 21.21, "Lassalle": 118.41200000000002, "Arthaud": 14.457999999999998, "Dupont-Aignan": 27.33, "Le Pen": 346.371, "Poutou": 4.439}