{"P\u00e9cresse": 472.24100000000004, "Macron": 821.47, "Hidalgo": 37.521, "M\u00e9lenchon": 707.386, "Jadot": 22.589, "Zemmour": 948.0489999999999, "Roussel": 21.599999999999998, "Lassalle": 80.524, "Arthaud": 0.0, "Dupont-Aignan": 6.418, "Le Pen": 352.74800000000005, "Poutou": 0.0}