{"P\u00e9cresse": 53.18000000000001, "Macron": 978.5640000000001, "Hidalgo": 27.969, "M\u00e9lenchon": 1862.2859999999998, "Jadot": 59.429, "Zemmour": 222.531, "Roussel": 34.559, "Lassalle": 74.34599999999999, "Arthaud": 2.97, "Dupont-Aignan": 0.0, "Le Pen": 241.41799999999998, "Poutou": 14.25}