{"P\u00e9cresse": 184.48700000000002, "Macron": 540.138, "Hidalgo": 89.63799999999999, "M\u00e9lenchon": 1067.702, "Jadot": 95.065, "Zemmour": 320.628, "Roussel": 28.28, "Lassalle": 13.959999999999999, "Arthaud": 7.470000000000001, "Dupont-Aignan": 3.77, "Le Pen": 176.90099999999998, "Poutou": 9.749}