{"P\u00e9cresse": 64.251, "Macron": 414.792, "Hidalgo": 61.859, "M\u00e9lenchon": 226.20400000000004, "Jadot": 21.290000000000003, "Zemmour": 87.63799999999999, "Roussel": 6.8100000000000005, "Lassalle": 62.766, "Arthaud": 4.56, "Dupont-Aignan": 0.0, "Le Pen": 142.981, "Poutou": 4.439}