{"P\u00e9cresse": 462.505, "Macron": 1265.4950000000003, "Hidalgo": 25.59, "M\u00e9lenchon": 379.765, "Jadot": 83.75200000000001, "Zemmour": 1193.601, "Roussel": 55.199999999999996, "Lassalle": 109.87400000000002, "Arthaud": 0.0, "Dupont-Aignan": 7.918, "Le Pen": 316.572, "Poutou": 4.65}