{"P\u00e9cresse": 62.196, "Macron": 1383.2420000000002, "Hidalgo": 114.15299999999998, "M\u00e9lenchon": 1351.5439999999999, "Jadot": 54.061, "Zemmour": 671.2470000000001, "Roussel": 51.271, "Lassalle": 32.559, "Arthaud": 0.0, "Dupont-Aignan": 7.918, "Le Pen": 432.40299999999996, "Poutou": 12.321}