{"P\u00e9cresse": 102.96000000000001, "Macron": 748.9150000000002, "Hidalgo": 68.101, "M\u00e9lenchon": 2032.9979999999996, "Jadot": 116.65699999999998, "Zemmour": 209.24099999999999, "Roussel": 27.668, "Lassalle": 19.11, "Arthaud": 0.0, "Dupont-Aignan": 0.0, "Le Pen": 446.74100000000004, "Poutou": 0.0}