{"P\u00e9cresse": 27.299000000000003, "Macron": 502.8430000000001, "Hidalgo": 74.991, "M\u00e9lenchon": 2010.522, "Jadot": 73.69900000000001, "Zemmour": 238.39, "Roussel": 34.708, "Lassalle": 8.84, "Arthaud": 5.94, "Dupont-Aignan": 0.0, "Le Pen": 385.0410000000001, "Poutou": 4.65}