{"P\u00e9cresse": 337.65599999999995, "Macron": 1079.5870000000002, "Hidalgo": 190.842, "M\u00e9lenchon": 311.68600000000004, "Jadot": 172.89700000000002, "Zemmour": 365.61000000000007, "Roussel": 54.023, "Lassalle": 25.299, "Arthaud": 15.36, "Dupont-Aignan": 33.7, "Le Pen": 225.388, "Poutou": 56.579}