{"P\u00e9cresse": 332.777, "Macron": 3826.731, "Hidalgo": 70.16799999999999, "M\u00e9lenchon": 7581.722, "Jadot": 361.12300000000005, "Zemmour": 3089.312, "Roussel": 107.311, "Lassalle": 241.572, "Arthaud": 3.63, "Dupont-Aignan": 28.374, "Le Pen": 1306.1640000000002, "Poutou": 44.153999999999996}