{"P\u00e9cresse": 89.03, "Macron": 317.3059999999999, "Hidalgo": 99.368, "M\u00e9lenchon": 280.495, "Jadot": 78.658, "Zemmour": 312.4750000000001, "Roussel": 33.191, "Lassalle": 3.21, "Arthaud": 29.918, "Dupont-Aignan": 0.0, "Le Pen": 237.20499999999998, "Poutou": 32.007999999999996}