{"P\u00e9cresse": 272.95300000000003, "Macron": 2561.6580000000004, "Hidalgo": 86.942, "M\u00e9lenchon": 10205.475999999997, "Jadot": 258.165, "Zemmour": 3065.2969999999996, "Roussel": 24.041, "Lassalle": 174.618, "Arthaud": 0.0, "Dupont-Aignan": 3.959, "Le Pen": 1300.092, "Poutou": 61.258}