{"P\u00e9cresse": 572.744, "Macron": 562.5340000000001, "Hidalgo": 97.06700000000001, "M\u00e9lenchon": 135.34900000000002, "Jadot": 52.79899999999999, "Zemmour": 964.9830000000001, "Roussel": 19.730999999999998, "Lassalle": 11.51, "Arthaud": 6.78, "Dupont-Aignan": 0.0, "Le Pen": 212.931, "Poutou": 5.28}