{"P\u00e9cresse": 521.634, "Macron": 2410.7279999999996, "Hidalgo": 19.869999999999997, "M\u00e9lenchon": 3991.4789999999994, "Jadot": 121.779, "Zemmour": 2240.9930000000013, "Roussel": 6.0, "Lassalle": 87.054, "Arthaud": 0.0, "Dupont-Aignan": 82.69800000000001, "Le Pen": 1193.821, "Poutou": 0.0}