{"P\u00e9cresse": 369.41999999999996, "Macron": 2080.6250000000005, "Hidalgo": 95.642, "M\u00e9lenchon": 4779.360000000001, "Jadot": 144.96699999999998, "Zemmour": 1701.4959999999996, "Roussel": 4.47, "Lassalle": 87.864, "Arthaud": 0.0, "Dupont-Aignan": 23.67, "Le Pen": 1649.2230000000002, "Poutou": 23.340000000000003}