,Roussel,Mélenchon,Hidalgo,Montebourg,Jadot,Macron,Pécresse,Dupont-Aignan,Le Pen,Zemmour
Titles - Fetches from Homepage Titles - Fetches from Homepage Avg Video View,0.0015754688713873102,0.5579073392525117,0.004593127615463403,0.004243210888234148,0.0019975462891092094,0.04532504615780796,0.002421305118275006,0.0019806467213012136,0.08473953397604153,0.2952167751098686
Titles - Fetches from Homepage Titles - Fetches from Homepage Avg Occurrence in Title,0.0019934369920569205,0.11187781764651762,0.00978317539178704,0.0020547735148894407,0.0033121722329561135,0.252706474069985,0.02729475266047168,0.00972183886895452,0.032753703192566014,0.5485018554298157
Titles - Fetches from National News Titles - Fetches from National News Avg Video View,0.07187493590443429,0.11266296669845126,0.07006439423000668,0.09839475077813008,0.0632080408983483,0.08956324490693279,0.10036080219082212,0.1500212705804335,0.09153234139448477,0.15231725241795627
Titles - Fetches from National News Titles - Fetches from National News Avg Occurrence in Title,0.014346544382574516,0.0416311824434982,0.05263675073698002,0.002227317392728464,0.020144120537176548,0.2898132983950213,0.1689158205044219,0.0006550933508024893,0.12830003275466753,0.28132983950212903
Titles - Walks from Homepage,0.004041363995634009,0.09281022996725508,0.01409066957732696,0.0030627799314991155,0.0027757913357672474,0.25032933117543,0.03518197899808047,0.011140803191689563,0.04444559448981896,0.5421214573374986
Titles - Walks from National news,0.0034562008309025017,0.09072306196411209,0.014752939096614515,0.003827455140104305,0.003655087067974896,0.25958189693273226,0.032228409794042255,0.01500486166357288,0.04238928666136303,0.5343808008485813
