{"LREM": {"05_17_2022": 791.7459999999998, "05_26_2022": 146.46900000000002, "05_15_2022": 963.8210000000004, "05_12_2022": 1112.4539999999995, "05_27_2022": 853.118, "05_13_2022": 434.0439999999999, "05_18_2022": 41.292, "05_16_2022": 875.0820000000004, "05_20_2022": 301.264, "05_11_2022": 863.9790000000006, "05_14_2022": 821.7170000000002}, "NUPES": {"05_17_2022": 209.01000000000005, "05_26_2022": 31.167, "05_15_2022": 240.12099999999998, "05_12_2022": 262.33899999999994, "05_27_2022": 65.198, "05_13_2022": 136.333, "05_18_2022": 31.880000000000003, "05_16_2022": 145.91, "05_20_2022": 88.539, "05_11_2022": 118.392, "05_14_2022": 181.49599999999998}, "UDC": {"05_17_2022": 31.32, "05_26_2022": 4.47, "05_15_2022": 5.94, "05_12_2022": 136.22, "05_27_2022": 18.04, "05_13_2022": 32.909000000000006, "05_18_2022": 0, "05_16_2022": 29.339999999999996, "05_20_2022": 10.55, "05_11_2022": 45.499, "05_14_2022": 79.53999999999999}, "REC": {"05_17_2022": 23.349, "05_26_2022": 0, "05_15_2022": 0, "05_12_2022": 15.690999999999999, "05_27_2022": 14.01, "05_13_2022": 4.44, "05_18_2022": 7.4, "05_16_2022": 13.238, "05_20_2022": 3.42, "05_11_2022": 7.220000000000001, "05_14_2022": 10.57}, "RN": {"05_17_2022": 4.53, "05_26_2022": 0, "05_15_2022": 0, "05_12_2022": 38.889, "05_27_2022": 4.62, "05_13_2022": 14.041, "05_18_2022": 0, "05_16_2022": 0, "05_20_2022": 0, "05_11_2022": 5.821, "05_14_2022": 10.86}}