{"NUPES": {"05_14_2022": 0, "05_27_2022": 0, "05_13_2022": 0, "05_17_2022": 0, "05_12_2022": 0, "05_20_2022": 0, "05_11_2022": 0, "05_16_2022": 0, "05_15_2022": 0, "05_26_2022": 0, "05_18_2022": 0}, "LREM": {"05_14_2022": 41.3, "05_27_2022": 4.141, "05_13_2022": 18.173000000000002, "05_17_2022": 40.119, "05_12_2022": 44.79999999999999, "05_20_2022": 14.9, "05_11_2022": 9.48, "05_16_2022": 32.71, "05_15_2022": 37.989999999999995, "05_26_2022": 0, "05_18_2022": 0}, "RN": {"05_14_2022": 10.86, "05_27_2022": 4.62, "05_13_2022": 14.041, "05_17_2022": 4.53, "05_12_2022": 38.889, "05_20_2022": 0, "05_11_2022": 5.821, "05_16_2022": 0, "05_15_2022": 0, "05_26_2022": 0, "05_18_2022": 0}, "UDC": {"05_14_2022": 79.53999999999999, "05_27_2022": 13.3, "05_13_2022": 28.589000000000006, "05_17_2022": 31.32, "05_12_2022": 127.55, "05_20_2022": 10.55, "05_11_2022": 35.629, "05_16_2022": 29.339999999999996, "05_15_2022": 0, "05_26_2022": 4.47, "05_18_2022": 0}, "REC": {"05_14_2022": 10.57, "05_27_2022": 14.01, "05_13_2022": 4.44, "05_17_2022": 23.349, "05_12_2022": 15.690999999999999, "05_20_2022": 3.42, "05_11_2022": 7.220000000000001, "05_16_2022": 13.238, "05_15_2022": 0, "05_26_2022": 0, "05_18_2022": 7.4}}