{"LREM": {"05_01_2022": 624.6490000000001, "05_17_2022": 1309.134999999999, "05_15_2022": 1021.0070000000003, "05_12_2022": 757.2330000000001, "05_30_2022": 533.8779999999999, "05_20_2022": 849.3559999999994, "05_08_2022": 479.8259999999999, "05_29_2022": 3122.439000000002, "05_28_2022": 934.0230000000005, "05_26_2022": 1078.5460000000003, "05_05_2022": 490.38399999999996, "05_07_2022": 1218.362, "05_13_2022": 440.24900000000014, "05_18_2022": 874.5820000000006, "05_03_2022": 726.7249999999999, "05_06_2022": 365.479, "05_04_2022": 466.70299999999986, "05_11_2022": 1178.724, "05_23_2022": 1904.8699999999978, "05_09_2022": 710.5669999999998, "05_25_2022": 1683.4880000000012, "05_22_2022": 1260.8989999999994, "05_24_2022": 1016.9120000000007, "05_19_2022": 1062.1819999999998, "05_21_2022": 1352.525, "05_02_2022": 350.8770000000002, "05_27_2022": 743.0710000000001, "05_16_2022": 620.395, "05_14_2022": 722.237}, "NUPES": {"05_01_2022": 577.0509999999999, "05_17_2022": 291.379, "05_15_2022": 364.5810000000001, "05_12_2022": 99.22200000000001, "05_30_2022": 73.01599999999999, "05_20_2022": 275.74599999999987, "05_08_2022": 93.65899999999998, "05_29_2022": 772.6700000000004, "05_28_2022": 218.989, "05_26_2022": 275.65700000000004, "05_05_2022": 950.5700000000003, "05_07_2022": 1573.0080000000016, "05_13_2022": 386.277, "05_18_2022": 110.39900000000002, "05_03_2022": 673.2040000000002, "05_06_2022": 568.6510000000002, "05_04_2022": 516.2779999999999, "05_11_2022": 704.4359999999999, "05_23_2022": 763.23, "05_09_2022": 283.723, "05_25_2022": 295.96000000000004, "05_22_2022": 455.46599999999984, "05_24_2022": 98.68799999999999, "05_19_2022": 312.1220000000001, "05_21_2022": 289.1360000000001, "05_02_2022": 177.44599999999997, "05_27_2022": 132.758, "05_16_2022": 158.28499999999997, "05_14_2022": 173.08199999999997}, "UDC": {"05_01_2022": 162.16499999999996, "05_17_2022": 90.13999999999999, "05_15_2022": 159.98000000000002, "05_12_2022": 54.952, "05_30_2022": 44.509, "05_20_2022": 60.669, "05_08_2022": 96.31699999999998, "05_29_2022": 460.29100000000017, "05_28_2022": 118.15400000000005, "05_26_2022": 154.89100000000002, "05_05_2022": 243.132, "05_07_2022": 90.798, "05_13_2022": 34.091, "05_18_2022": 57.440000000000005, "05_03_2022": 189.14600000000002, "05_06_2022": 26.281, "05_04_2022": 58.249, "05_11_2022": 296.5919999999998, "05_23_2022": 350.0399999999998, "05_09_2022": 126.95400000000001, "05_25_2022": 141.571, "05_22_2022": 111.09099999999998, "05_24_2022": 64.32300000000001, "05_19_2022": 87.32900000000001, "05_21_2022": 127.07500000000002, "05_02_2022": 105.015, "05_27_2022": 53.349999999999994, "05_16_2022": 73.48899999999999, "05_14_2022": 33.722}, "REC": {"05_01_2022": 127.45100000000001, "05_17_2022": 49.357000000000006, "05_15_2022": 85.31100000000002, "05_12_2022": 19.981000000000005, "05_30_2022": 49.6, "05_20_2022": 7.3, "05_08_2022": 3.63, "05_29_2022": 248.468, "05_28_2022": 64.59199999999998, "05_26_2022": 75.22200000000001, "05_05_2022": 59.639, "05_07_2022": 24.759999999999998, "05_13_2022": 8.371, "05_18_2022": 0, "05_03_2022": 73.111, "05_06_2022": 43.192, "05_04_2022": 28.111, "05_11_2022": 60.02899999999999, "05_23_2022": 85.899, "05_09_2022": 11.681, "05_25_2022": 54.54000000000001, "05_22_2022": 127.89900000000003, "05_24_2022": 37.518, "05_19_2022": 8.82, "05_21_2022": 6.681, "05_02_2022": 9.06, "05_27_2022": 31.808999999999997, "05_16_2022": 14.61, "05_14_2022": 66.83800000000001}, "RN": {"05_01_2022": 203.95000000000002, "05_17_2022": 90.61200000000002, "05_15_2022": 97.561, "05_12_2022": 33.761, "05_30_2022": 63.84199999999999, "05_20_2022": 47.75899999999999, "05_08_2022": 39.971, "05_29_2022": 217.429, "05_28_2022": 57.30800000000001, "05_26_2022": 99.8, "05_05_2022": 49.591, "05_07_2022": 42.289, "05_13_2022": 57.388999999999996, "05_18_2022": 28.2, "05_03_2022": 82.11999999999999, "05_06_2022": 16.36, "05_04_2022": 29.11, "05_11_2022": 101.27100000000002, "05_23_2022": 64.40899999999999, "05_09_2022": 36.03, "05_25_2022": 50.638999999999996, "05_22_2022": 121.51599999999999, "05_24_2022": 15.331, "05_19_2022": 4.68, "05_21_2022": 24.310000000000002, "05_02_2022": 42.681000000000004, "05_27_2022": 36.929, "05_16_2022": 155.42000000000002, "05_14_2022": 87.54899999999999}}