{"NUPES": {"05_14_2022": 0, "05_06_2022": 0, "05_27_2022": 0, "05_17_2022": 0, "05_12_2022": 3.3, "05_11_2022": 0, "05_16_2022": 0, "05_08_2022": 0, "05_03_2022": 0, "05_13_2022": 0, "05_24_2022": 0, "05_15_2022": 23.77, "05_01_2022": 0, "05_05_2022": 0, "05_02_2022": 0, "05_19_2022": 0, "05_29_2022": 74.58, "05_09_2022": 0, "05_26_2022": 0, "05_28_2022": 0, "05_04_2022": 0, "05_30_2022": 0, "05_07_2022": 25.91, "05_25_2022": 0, "05_21_2022": 0, "05_20_2022": 0, "05_23_2022": 0, "05_22_2022": 0, "05_18_2022": 0}, "LREM": {"05_14_2022": 54.87, "05_06_2022": 46.958, "05_27_2022": 71.36399999999999, "05_17_2022": 92.192, "05_12_2022": 30.581, "05_11_2022": 185.688, "05_16_2022": 57.12899999999999, "05_08_2022": 81.60099999999998, "05_03_2022": 26.650999999999996, "05_13_2022": 47.11900000000001, "05_24_2022": 33.782, "05_15_2022": 143.50000000000003, "05_01_2022": 26.961, "05_05_2022": 44.111000000000004, "05_02_2022": 22.931, "05_19_2022": 48.371, "05_29_2022": 259.85300000000007, "05_09_2022": 65.67, "05_26_2022": 50.71999999999999, "05_28_2022": 55.121000000000016, "05_04_2022": 30.689999999999998, "05_30_2022": 32.477999999999994, "05_07_2022": 145.83899999999997, "05_25_2022": 79.93, "05_21_2022": 62.632, "05_20_2022": 39.501000000000005, "05_23_2022": 172.79899999999998, "05_22_2022": 79.91800000000002, "05_18_2022": 49.429}, "RN": {"05_14_2022": 87.54899999999999, "05_06_2022": 16.36, "05_27_2022": 36.929, "05_17_2022": 90.61200000000002, "05_12_2022": 33.761, "05_11_2022": 101.27100000000002, "05_16_2022": 155.42000000000002, "05_08_2022": 39.971, "05_03_2022": 82.11999999999999, "05_13_2022": 57.388999999999996, "05_24_2022": 15.331, "05_15_2022": 97.561, "05_01_2022": 203.95000000000002, "05_05_2022": 49.591, "05_02_2022": 42.681000000000004, "05_19_2022": 4.68, "05_29_2022": 217.429, "05_09_2022": 36.03, "05_26_2022": 99.8, "05_28_2022": 57.30800000000001, "05_04_2022": 29.11, "05_30_2022": 63.84199999999999, "05_07_2022": 42.289, "05_25_2022": 50.638999999999996, "05_21_2022": 24.310000000000002, "05_20_2022": 47.75899999999999, "05_23_2022": 64.40899999999999, "05_22_2022": 121.51599999999999, "05_18_2022": 28.2}, "UDC": {"05_14_2022": 30.671, "05_06_2022": 18.921, "05_27_2022": 53.349999999999994, "05_17_2022": 90.13999999999999, "05_12_2022": 51.652, "05_11_2022": 263.11199999999997, "05_16_2022": 73.48899999999999, "05_08_2022": 96.31699999999998, "05_03_2022": 184.586, "05_13_2022": 34.091, "05_24_2022": 64.32300000000001, "05_15_2022": 143.10300000000004, "05_01_2022": 149.06599999999995, "05_05_2022": 238.451, "05_02_2022": 87.26500000000001, "05_19_2022": 77.66899999999998, "05_29_2022": 403.1610000000002, "05_09_2022": 118.28300000000002, "05_26_2022": 150.401, "05_28_2022": 114.58300000000006, "05_04_2022": 58.249, "05_30_2022": 39.079, "05_07_2022": 83.87800000000001, "05_25_2022": 134.221, "05_21_2022": 111.63700000000003, "05_20_2022": 55.539, "05_23_2022": 332.8799999999999, "05_22_2022": 99.52100000000002, "05_18_2022": 57.440000000000005}, "REC": {"05_14_2022": 66.83800000000001, "05_06_2022": 43.192, "05_27_2022": 31.808999999999997, "05_17_2022": 49.357000000000006, "05_12_2022": 19.981000000000005, "05_11_2022": 60.02899999999999, "05_16_2022": 14.61, "05_08_2022": 3.63, "05_03_2022": 73.111, "05_13_2022": 8.371, "05_24_2022": 37.518, "05_15_2022": 85.31100000000002, "05_01_2022": 127.45100000000001, "05_05_2022": 59.639, "05_02_2022": 9.06, "05_19_2022": 8.82, "05_29_2022": 248.468, "05_09_2022": 11.681, "05_26_2022": 75.22200000000001, "05_28_2022": 64.59199999999998, "05_04_2022": 28.111, "05_30_2022": 49.6, "05_07_2022": 24.759999999999998, "05_25_2022": 54.54000000000001, "05_21_2022": 6.681, "05_20_2022": 7.3, "05_23_2022": 85.899, "05_22_2022": 127.89900000000003, "05_18_2022": 0}}